label,prompt,answer,notes,keywords
Christian_Priest_vs_Pastor,What is the difference between Christian Priest and Pastor?,"The terms ""priest"" and ""pastor"" are titles used within Christianity, but they can have different meanings depending on the denomination.

1. **Priest**:
   - The term ""priest"" is primarily used within the Roman Catholic, Eastern Orthodox, Anglican, and some Lutheran churches.
   - A priest is someone who is authorized to perform the sacred rituals of the religion, especially as a mediatory agent between humans and one or multiple deities.
   - They often preside over Mass or Eucharistic services, hear confessions, give absolutions, and perform baptisms, weddings, and funerals.
   - Priests are typically ordained by the church hierarchy and may take vows of celibacy (in the Roman Catholic and Orthodox churches).

2. **Pastor**:
   - ""Pastor"" comes from a Latin word for ""shepherd"" and is used across many Protestant denominations.
   - Pastors usually have the role of spiritual guidance and leadership of a community or congregation.
   - Their duties often include preaching, teaching, and providing pastoral care to the members of their church.
   - Pastors are often married and may or may not be formally ordained, depending on the denomination.

Despite these differences, in many Protestant denominations, the term ""priest"" and ""pastor"" can sometimes be used interchangeably, and both serve similar functions in terms of leading worship services and providing pastoral care. However, in Roman Catholicism and Orthodoxy, the roles and functions of a priest are more specifically defined and include duties that are not typically performed by Protestant pastors, such as the celebration of the Eucharist or Mass.",,Christianity
Key_Personals_Christian,What are some key personals in Christian church?,,,Christianity
Pastors_vs_Rabbi,"In terms of function, are pastors in christian churches and rabbis in synagogues similar?",,,"Christianity,Judaism"
Judaism_Christianity_Islam_Sacred_Texts,"In a comparative religion context, what are the sacred texts of Judaism, Christianity and Islam? And what are the relationships between those texts?",,,"Christianity,Judaism,Islam"
Christianity_Denominations,"In historical context, briefly describe the denominations of Christianity. What are their similarities and differences?",,,Christianity
Christinity_Elect,"In the context of religious studies, describe the concept of ""Elect"" in Christianity and it's implications. Provide references.",,,Christianity